Before	After
Africa/South Africa/Western Cape/Northern	Africa/South Africa/Northern Cape/
Africa/South Africa/Western Cape/Siyathemba	Africa/South Africa/Northern Cape/Siyathemba
Africa/South Africa/Western Cape/Eastern	Africa/South Africa/Eastern Cape/
North America/USA/Texas/Gasconade	North America/USA/Missouri/Gasconade County
Europe/Serbia/Kosovska Mitrovica/*	Europe/Kosovo/Kosovska Mitrovica/*
Asia/Israel/Elkana/*	Asia/Palestine/West Bank/Elkana
Asia/Israel/Ramat-Gan/*	Asia/Israel/Tel Aviv District/Ramat Gan
Asia/Israel/Maale-Edumim/*	Asia/Palestine/West Bank/Maale-Edumim
Asia/Israel/Tkoa/*	Asia/Palestine/West Bank/Tkoa
Asia/Palestine/West Bank/Jericho	Asia/Palestine/Jericho/
Asia/Israel/Kiryat-Gat/*	Asia/Israel/South District/Kiryat Gat
Asia/Israel/Beni-Brak/*	Asia/Israel/South District/Beni Brak
Asia/Israel/Petah-Tikva/*	Asia/Israel/South District/Petah Tikva
Asia/Israel/Petach-Tikva/*	Asia/Israel/South District/Petah Tikva
Asia/Israel/Kfar-Habad/*	Asia/Israel/Central District/Kfar Habad
Asia/Israel/Maalot-Tarshicha/*	Asia/Israel/North District/Maalot Tarshicha
Africa/Burkina Faso/Batie/*	Africa/Burkina Faso/Sud-Ouest/Batié
North America/USA/Wisconsin/Ogle County	North America/USA/Illinois/Ogle County
Europe/Belgium/Roermond/*	Europe/Netherlands/Roermond/*
Europe/Germany/North Rhine Westphalia/Koblenz	Europe/Germany/Rheinland-Pfalz/Koblenz
Europe/Belgium/Saint-Saulve/*	Europe/France/Hauts de France/Saint-Saulve
Europe/Belgium/Mepel/*	Europe/Netherlands/Drenthe/Meppel
Europe/Belgium/Flines-lès-Mortagne/*	Europe/France/Hauts de France/Flines-lès-Mortagne
North America/USA/New York/Out-of-State	North America/USA/New York/
North America/USA/New York/Out of State	North America/USA/New York/
Europe/France/Champagne Ardenne/Troyes	Europe/France/Grand Est/Troyes
South America/Brazil/Paraiba/Itambe	South America/Brazil/Pernambuco/Itambe
Asia/Israel/*/Ramat Hasharon	Asia/Israel/Tel Aviv District/Ramat-Hasharon
Asia/Israel/*/Or Yehuda	Asia/Israel/Tel Aviv District/Or-Yehuda
Asia/Israel/*/Beni Brak	Asia/Israel/Tel Aviv District/Bnei Brak
Asia/Israel/*/Moi'In Ilit	Asia/Israel/Judea and Samaria/Modi'in Illit
Asia/Israel/*/Modi'In Ilit	Asia/Israel/Judea and Samaria/Modi'in Illit
Africa/Mosambik/Munich/*	Africa/Mozambique/Mozambique/*
Europe/Albania/Moerfelden-Walldorf/*	Europe/Albania/Albania/*
Europe/France/Grand Est/Brest	Europe/France/Bretagne/Brest
Europe/France/Centre Val de Loire/Nantes	Europe/France/Pays de la Loire/Nantes
Europe/France/Lorraine/Epinal	Europe/France/Grand Est/Epinal
South America/Bolivia/Santa Cruz-El Torno/*	South America/Bolivia/Santa Cruz/El Torno
South America/Bolivia/Santa Cruz-Pailon/*	South America/Bolivia/Santa Cruz/Pailon
Europe/Austria/Salzburg/Kramsach	Europe/Austria/Tyrol/Kramsach
Europe/Austria/Salzburg/Altmünster	Europe/Austria/Upper Austria/Altmünster
Europe/Austria/Salzburg/Haizing	Europe/Austria/Upper Austria/Haizing
Europe/Austria/Salzburg/Attnang-Puchheim	Europe/Austria/Upper Austria/Attnang-Puchheim
Europe/France/Centre-Val de Loire/Angers	Europe/France/Pays de la Loire/Angers
Europe/France/Occitanie/Marseille	Europe/France/Provence-Alpes-Côte d'Azur/Marseille
Europe/France/Poitou Charentes/Saintes	Europe/France/Nouvelle-Aquitaine/Saintes
Europe/France/Basse Normandie/Lisieux	Europe/France/Normandie/Lisieux
Africa/Tunisia/Tunis/Ben Arous	Africa/Tunisia/Ben Arous/Ben Arous
North America/USA/Unknown/	North America/USA/USA/
Europe/Italy/South Tyrol/*	Europe/Italy/Trentino-Alto Adige/Autonomous Province of Bolzano
Europe/France/Nord Pas de Calais/Dunkerque	Europe/France/Hauts de France/Dunkerque
Europe/France/Picardie/*	Europe/France/Hauts de France/*
Italy/Apulia/Bari/	Europe/Italy/Apulia/Bari
North America/USA/Texas Terry/*	North America/USA/Texas/Terry County
North America/USA/Texas Mclennan/*	North America/USA/Texas/Mclennan County
Asia/Palestine/West Bank/Ramallah	Asia/Palestine/Ramallah and al-Bireh Governorate/Ramallah
Africa/Mayotte/Mayotte/Mamoudzou	Europe/France/Mayotte/Mamoudzou
Africa/Mayotte/Mamoudzou/	Europe/France/Mayotte/Mamoudzou
South America/Guyane Francaise/Cayenne/	Europe/France/French Guiana/Cayenne
South America/Guyane Francaise/Guyane Francaise/	Europe/France/French Guiana/
Europe/France/Centre-Val de Loire/Nantes	Europe/France/Pays de la Loire/Nantes
Asia/Israel/Central District/Bat Yam	Asia/Israel/Tel Aviv District/Bat Yam
Asia/Israel/Central District/Herzelia	Asia/Israel/Tel Aviv District/Herzelia
Asia/Israel/Jerusalem/Maale Edomim	Asia/Palestine/West Bank/Maale-Edumim
Asia/Israel/Judea and Samaria/Ariel	Asia/Palestine/West Bank/Ariel
Europe/Serbia/Gracanica/	Europe/Kosovo/Pristina/Gracanica
Europe/Serbia/Lipljan/	Europe/Kosovo/Pristina/Lipljan
Europe/Serbia/Strpce/	Europe/Kosovo/Ferizaj/Strpce
South America/Brazil/Southeast/Minas Gerais	South America/Brazil/Minas Gerais/
Europe/Belgium/Turnhout/Vorst	Europe/Belgium/Brussels/Forest
Europe/Lithuania/Ukmergės R./	Europe/Lithuania/Vilnius/Ukmerge
Europe/Lithuania/Širvintų R./	Europe/Lithuania/Vilnius/Širvintų rajono savivaldybė
Europe/Lithuania/Kretingos R./	Europe/Lithuania/Klaipedos Apskritis/Kretingos rajono savivaldybė
Europe/Lithuania/Molėtų R./	Europe/Lithuania/Utena/Molėtų rajono savivaldybės
Europe/Lithuania/Zarasų R./	Europe/Lithuania/Utena/Zarasų rajono savivaldybė
Europe/Belgium/Sint-Amansberg/	Europe/Belgium/Gent/Sint-Amandsberg
Europe/Belgium/Velenje/	Europe/Slovenia/Velenje/
Europe/Belgium/Bekkenvoort/	Europe/Belgium/Leuven/Bekkevoort
Europe/Belgium/Wilsbeke/	Europe/Belgium/Tielt/Wielsbeke
Europe/Belgium/Faulx-Les-Tombes/	Europe/Belgium/Namur/Faulx-les-Tombes
Europe/Belgium/Berchem-Sainte-Agath/	Europe/Belgium/Brussels/Berchem-Sainte-Agathe
Europe/Belgium/Raalte/	Europe/Netherlands/Overijssel/Raalte
North America/Costa Rica/Alajuela/Santiago	North America/Costa Rica/Alajuela/Santiago (Alajuela)
North America/Costa Rica/Alajuela/San Isidro	North America/Costa Rica/Alajuela/San Isidro (Alajuela)
North America/Costa Rica/Cartago/San Diego	North America/Costa Rica/Cartago CR/San Diego CR
South America/Ecuador/Santo Domingo de los Tsachilas/Santo Domingo	South America/Ecuador/Santo Domingo de los Tsachilas/Santo Domingo de los Colorados
Europe/Belgium/Kappelen/	Europe/Belgium/Antwerpen/Kapellen
Europe/Belgium/Fontaine-l'Evêque/	Europe/Belgium/Charleroi/Fontaine-l'Évêque
Europe/Belgium/Montigny-le-Tileul/	Europe/Belgium/Charleroi/Montigny-le-Tilleul
North America/Puerto Rico/Puerto Rico/*	North America/USA/Puerto Rico/*
Africa/Gaborone/Lobatse/	Africa/Botswana/Lobatse/
Africa/South Africa/Eastern Cape/Cape Winelands	Africa/South Africa/Western Cape/Cape Winelands
Africa/South Africa/Eastern Cape/Middelburg Municipal Clinic	Africa/South Africa/Eastern Cape/Middleburg
North America/USA/Wisconsin/Chisago County	North America/USA/Minnesota/Chisago County
North America/USA/Wisconsin/Pine County	North America/USA/Minnesota/Pine County
North Macedonia/Kochani/Kochani/	Europe/North Macedonia/Eastern Region/Kochani
South America/French Guiana/Cayenne/	Europe/France/French Guiana/Cayenne GF
North Macedonia/Kavadarci/Kavadarci/	Europe/North Macedonia/Kavadarci/Kavadarci
Europe/Belgium/Niewerkerken/	Europe/Belgium/Hasselt/Nieuwerkerken
Europe/Portugal/Montemor-O-Nov/	Europe/Portugal/Évora/Montemor-o-Novo
Europe/Portugal/Sobral de Monte Agrac*/	Europe/Portugal/Lisbon/Sobral de Monte Agraço
Afirica/Morocoo/Ouarzazate/	Africa/Morocco/Ouarzazate/
North America/Caribbean/Barbados/	North America/Barbados/Barbados/
North America/Caribbean/British Virgin Islands/	Europe/United Kingdom/British Virgin Islands/
North America/USA/California/Alexandria, Va County	North America/USA/Virginia/Alexandria
North America/Caribbean/Cayman Islands/	Europe/United Kingdom/Cayman Islands/
Europe/Austria/Vienna/Wien, Hagenbrunn, Langenzersdorf, Gerasdorf Bei Wien, Kaltenleutgeben, Perchtoldsdorf, Vösendorf, Mauerbach, Purkersdorf	Europe/Austria/Lower Austria/Korneuburg
Asia/Indonesia/Tangerang Selatan/	Asia/Indonesia/Banten/South Tangerang
