level	misspelled name	correct name	(optional: specify region/country/division)
location	Mina da Agua	Amadora
location	St Louis	St-Louis
location	Imperial	Imperial County
location	Milwaukee	Milwaukee County
location	Richalnd County	Richland County
location	Ventana	Ventanas
location	Verona	Verona IT
location	Hobigonj	Habiganj
location	East Baton Rougegoi	East Baton Rouge Parish
location	Los Angeles	Los Angeles County	(North America, USA, California)
location	Dodge Count	Dodge County
location	Outagamie Coun	Outagamie County
location	Tübingen	Tuebingen
location	Agualva cacem	Agualva
location	União das freguesias de Agualva	Agualva
location	União das freguesias de Almargem do Bispo	Almargem do Bispo
location	União das freguesias de Cacem	Cacem
location	União das freguesias de Igreja	Igreja
location	União das freguesias de Massama	Massama
location	União das freguesias de Pontinha	Pontinha
location	União das freguesias de Queluz	Queluz
location	União das freguesias de Ramada	Ramada
location	União das freguesias de Santarem	Santarem
location	União das freguesias de Seia	Seia
location	Buraymi	Buraimi
location	Qurayat	Qurayyat
location	Falagueria- Venda Nova	Amadoramos
location	Stanger	KwaDukuza
location	Ethekwini	eThekwini
location	Uthukela	uThukela
location	Umgungundlovu	uMgungundlovu
location	Sisonke	Harry Gwala
location	Umzinyathi	uMzinyathi
location	Ilembe	iLembe
location	Uthungulu	King Cetshwayo
location	Umkhanyakude	uMkhanyakude
##location 	Whitehall County	Trempealeau County #Needs to specify WI division
division	Nw	North-West
division	Ec	Eastern Cape
division	Gp	Gauteng
division	Fs	Free State
division	Lp	Limpopo
division	Wc	Western Cape Province
division	Amazonas State	Amazonas
division	Liege	Liège
division	Bucuresti	Bucharest
division	Ghent	Gent
division	Gavleborg	Gavleborgs Lan
division	Bat-Yam	Bat Yam
division	Auvergne Rhone Alpes	Auvergne-Rhône-Alpes
division	Zurich	Zürich
division	Dakarhuman	Dakar
division	Castilla-la Mancha	Castilla la Mancha
division	Quangning	Quangninh
division	Ragshahi	Rajshahi
division	Kzn	KwaZulu-Natal
division	Grand-Est	Grand Est
division	Califonia	California
division	Baden-Württemberg	Baden-Wuerttemberg
division	Basel-Landschaft	Basel-Land
division	St Gallen	Sankt Gallen
division	Luzern	Lucerne
division	Kongo-Central	Kongo Central
division	Barisal	Barishal
division	Al	Alabama	(North America, USA)
division	Ak	Alaska	(North America, USA)
division	As	American Samoa	(North America, USA)
division	Az	Arizona	(North America, USA)
division	Ar	Arkansas	(North America, USA)
division	Ca	California	(North America, USA)
division	Co	Colorado	(North America, USA)
division	Ct	Connecticut	(North America, USA)
division	De	Delaware	(North America, USA)
division	Dc	District of Columbia	(North America, USA)
division	Fm	Federated States of Micronesia	(North America, USA)
division	Fl	Florida	(North America, USA)
division	Ga	Georgia	(North America, USA)
division	Gu	Guam	(North America, USA)
division	Hi	Hawaii	(North America, USA)
division	Id	Idaho	(North America, USA)
division	Il	Illinois	(North America, USA)
division	In	Indiana	(North America, USA)
division	Ia	Iowa	(North America, USA)
division	Ks	Kansas	(North America, USA)
division	Ky	Kentucky	(North America, USA)
division	La	Louisiana	(North America, USA)
division	Me	Maine	(North America, USA)
division	Mh	Marshall Islands	(North America, USA)
division	Md	Maryland	(North America, USA)
division	Ma	Massachusetts	(North America, USA)
division	Mi	Michigan	(North America, USA)
division	Mn	Minnesota	(North America, USA)
division	Ms	Mississippi	(North America, USA)
division	Mo	Missouri	(North America, USA)
division	Mt	Montana	(North America, USA)
division	Ne	Nebraska	(North America, USA)
division	Nv	Nevada	(North America, USA)
division	Nh	New Hampshire	(North America, USA)
division	Nj	New Jersey	(North America, USA)
division	Nm	New Mexico	(North America, USA)
division	Ny	New York	(North America, USA)
division	Nc	North Carolina	(North America, USA)
division	Nd	North Dakota	(North America, USA)
division	Mp	Northern Mariana Islands	(North America, USA)
division	Oh	Ohio	(North America, USA)
division	Ok	Oklahoma	(North America, USA)
division	Or	Oregon	(North America, USA)
division	Pw	Palau	(North America, USA)
division	Pa	Pennsylvania	(North America, USA)
division	Pr	Puerto Rico	(North America, USA)
division	Ri	Rhode Island	(North America, USA)
division	Sc	South Carolina	(North America, USA)
division	Sd	South Dakota	(North America, USA)
division	Tn	Tennessee	(North America, USA)
division	Tx	Texas	(North America, USA)
division	Ut	Utah	(North America, USA)
division	Vt	Vermont	(North America, USA)
division	Vi	Virgin Islands	(North America, USA)
division	Va	Virginia	(North America, USA)
division	Wa	Washington	(North America, USA)
division	Wv	West Virginia	(North America, USA)
division	Wi	Wisconsin	(North America, USA)
division	Wy	Wyoming	(North America, USA)
division	Ústí nad Labem	Usti nad Labem
division	Buraymi	Buraimi
division	Ncr	National Capital Region
division	Chittagong	Chattogram
division	Ciudad Autonoma de Buenos Aires	Buenos Aires
division	Ciudad Automona de Buenos Aires	Buenos Aires
division	Bcs	Baja California Sur
division	Bc	Baja California
division	Goias	Goiás
division	Bahrein	Bahrain
country	Bahrein	Bahrain
division	Sao Paulo	São Paulo
location	Sao Paulo	São Paulo
division	United States	USA
country	United States	USA
division	Santiago	Santiago de Veraguas	(North America, Panama)
location	Herrera	Herrera (Panama Oeste)
division	Panama West	Panama Oeste
location	24 de Diciembre	Parque Real
location	Mañanitas	Las Mañanitas
location	Chorrillo	El Chorrillo
location	Chorrera	La Chorrera
location	Desconocido	
location	San Francisco	San Francisco PA	(North America, Panama, Panama Center)
division	Washingtondc	Washington DC
location	Vitoria	Vitoria-Gasteiz	(Europe, Spain, Basque Country)
division	Edomex	Estado de Mexico
division	State of Mexico	Estado de Mexico
division	North West	North-West	(Africa, South Africa)
division	Paca	Provence-Alpes-Côte d'Azur	(Europe, France)
division	Ara	Auvergne-Rhône-Alpes	(Europe, France)
division	Idf	Ile de France	(Europe, France)
location	Livadia	Livadeia	(Europe, Greece, Central Greece)
division	Livadia	Livadeia	(Europe, Greece)
division	Ceara	Ceará	(South America, Brazil)
division	Parana	Paraná	(South America, Brazil)
division	Saint Petersburg	Saint-Petersburg	(Europe, Russia)
division	Novosibirsk Region	Novosibirsk	(Europe, Russia)
location	Barcelona H	Barcelona
location	Villefranche	Villefranche-sur-Saône	(Europe, France, Auvergne-Rhône-Alpes)
division	Mp	Occitanie	(Europe, France)
division	Na	Nouvelle-Aquitaine	(Europe, France)
location	Hoogly	Hooghly	(Asia, India, West Bengal)
location	Tuklakabad	Tughlakabad	(Asia, India, Delhi)
division	Lodzkie	Łódzkie	(Europe, Poland)
division	Act	Australian Capital Territory	(Oceania, Australia)
location	Rivas Vaciamadrid	Rivas-Vaciamadrid	(Europe, Spain, Madrid)
location	San Fernando	San Fernando de Henares	(Europe, Spain, Madrid)
location	Malaga H	Malaga	(Europe, Spain, Andalusia)
location	Arganda	Arganda del Rey	(Europe, Spain, Madrid)
region	Asian	Asia
location	Riveira	Ribeira	(Europe, Spain, Galicia)
location	Badalona H	Badalona	(Europe, Spain, Catalunya)
division	Fayoum	Faiyum	(Africa, Egypt)
location	Noya	Noia	(Europe, Spain, Galicia)
location	Kalwa	Aligarh	(Asia, India, Uttar Pradesh)
location	Gurgaon	Gurugram	(Asia, India, Haryana)
location	Foreigner	
division	Maranhao	Maranhão	(South America, Brazil)
division	Northern District	North District	(Asia, Israel)
division	Southern District	South District	(Asia, Israel)
country	Bangaldesh	Bangladesh	(Asia)
division	Mp	Mpumalanga	(Africa, South Africa)
division	Cusco	Cuzco	(South America, Peru)
division	Northeastern Region MK	Northeastern Region	(Europe, North Macedonia)
division	Eastern Region MK	Eastern Region	(Europe, North Macedonia)
location	Distrsict of Columbia County	District of Columbia County	(North America, USA)
division	District of Columbia	Washington DC	(North America, USA)
location	Delhi National Capital Region		(Asia, India, Delhi)
location	Shahjahapur	Shahjahanpur	(Asia, India, Uttar Pradesh)
division	Tel Aviv	Tel Aviv District	(Asia, Israel)
division	Southern Coast District	South Coast District	(Asia, Israel)
location	Nagakurnool	Nagarkurnool	(Asia, India, Telangana)
location	Farukhabad	Farrukhabad	(Asia, India, Uttar Pradesh)
division	Noord Brabant	North Brabant	(Europe, Netherlands)
division	Noord Holland	North Holland	(Europe, Netherlands)
division	Zuid Holland	South Holland	(Europe, Netherlands)
division	North Rhine-Westphalia	North Rhine Westphalia	(Europe, Germany)
division	Coahuila de Zaragoza	Coahuila	(North America, Mexico)
location	Daskoi	Daskroi	(Asia, India, Gujarat)
location	Mdh		(North America, USA, Maryland)
division	Lombardia	Lombardy	(Europe, Italy)
division	Geneve	Geneva	(Europe, Switzerland)
division	Caribbean		(North America, Dominican Republic)
division	Kk	Sri Lanka	(Asia, Sri Lanka)
division	Borsod-Abauj-Zemplen County	Borsod-Abaúj-Zemplén County	(Europe, Hungary)
division	Amazonas	Departamento de Amazonas	(South America, Colombia)
division	Graubunden	Graubünden	(Europe, Switzerland)
division	Bolivar	Bolivar EC	(South America, Ecuador)
division	Ekiti	Ekiti State	(Africa, Nigeria)
division	Ondo	Ondo State	(Africa, Nigeria)
division	Osun	Osun State	(Africa, Nigeria)
division	Oyo	Oyo State	(Africa, Nigeria)
division	Waadt	Vaud	(Europe, Switzerland)
division	Uttrakhand	Uttarakhand	(Asia, India)
location	Rangaraddy	Rangareddy	(Asia, India, Telangana)
division	Jawa Barat	West Java	(Asia, Indonesia)
location	Frystak	Fryšták	(Europe, Czech Republic, Zlin)
location	Domazlice	Domažlice	(Europe, Czech Republic, Plzeň Region)
division	Plzen	Plzeň Region	(Europe, Czech Republic)
division	Lower Saxony	Niedersachsen	(Europe, Germany)
division	Kwazulu-Natal	KwaZulu-Natal	(Africa, South Africa)
division	Andalucia	Andalusia	(Europe, Spain)
location	San Sebatian	San Sebastian	(Europe, Spain, Basque Country)
location	Alcala Deenares	Alcala de Henares	(Europe, Spain, Madrid)
division	Canarias	Canary Islands	(Europe, Spain)
division	Illes Balears	Balear Islands	(Europe, Spain)
location	Düsseldorf	Duesseldorf	(Europe, Germany, North Rhine Westphalia)
division	Central Kalimantan	Center Kalimantan	(Asia, Indonesia)
division	Cordoba	Cordoba CO	(South America, Colombia)
division	Cordoba	Cordoba AR	(South America, Argentina)
division	Usti nad Labem Region	Usti nad Labem	(Europe, Czech Republic)
location	La Coruna	A Coruna	(Europe, Spain, Galicia)
location	Fon Du Lac County	Fond Du Lac County	(North America, USA, Wisconsin)
location	Harris	Harris County	(North America, USA, Texas)
location	El Paso	El Paso County	(North America, USA, Texas)
location	Mclennan	Mclennan County	(North America, USA, Texas)
location	Travis	Travis County	(North America, USA, Texas)
location	Ector	Ector County	(North America, USA, Texas)
location	Hidalgo	Hidalgo County	(North America, USA, Texas)
location	Litoměřice	Litomerice	(Europe, Czech Republic, Usti nad Labem)
division	Saint-Louis	St-Louis	(Africa, Senegal)
location	Pisarov	Písařov	(Europe, Czech Republic, Olomouc Region)
division	Ústí nad Labem Region	Usti nad Labem	(Europe, Czech Republic)
division	Wallis	Valais	(Europe, Switzerland)
division	Combined Auckland	Auckland	(Oceania, New Zealand)
division	Combined Wellington	Wellington	(Oceania, New Zealand)
division	Ge	Grand Est	(Europe, France)
division	Centre Val de Loire	Centre-Val de Loire	(Europe, France)
location	Williamson	Williamson County	(North America, USA, Texas)
location	Comanche	Comanche County	(North America, USA, Texas)
location	Wharton	Wharton County	(North America, USA, Texas)
division	Vilnius R.	Vilnius	(Europe, Lithuania)
region	North-America	North America
location	Lanilis	Lannilis	(Europe, France, Bretagne)
location	Las Palmas	Las Palmas de Gran Canaria	(Europe, Spain, Canary Islands)
division	Sverdlovsk Region	Sverdlovsk	(Europe, Russia)
division	Krasnodar Region	Krasnodar	(Europe, Russia)
division	Krasnodar Krai	Krasnodar	(Europe, Russia)
division	Lipetsk Region	Lipetsk	(Europe, Russia)
division	Novosibirsk Oblast	Novosibirsk	(Europe, Russia)
division	Omsk Region	Omsk	(Europe, Russia)
location	Canete	Cañete	(South America, Peru, Lima)
location	Kaufman	Kaufman County	(North America, USA, Texas)
location	Jefferson	Jefferson County TX	(North America, USA, Texas)
location	Duesseldorf Area	Duesseldorf	(Europe, Germany, North Rhine Westphalia)
division	Central Region	Central District	(Asia, Israel)
location	Dallas	Dallas County	(North America, USA, Texas)
location	Bexar	Bexar County	(North America, USA, Texas)
division	Special Region of Yogyakarta	Yogyakarta	(Asia, Indonesia)
location	Brown	Brown County	(North America, USA, Wisconsin)
location	Grant	Grant County	(North America, USA, Wisconsin)
location	Door	Door County	(North America, USA, Wisconsin)
location	Outagamie	Outagamie County	(North America, USA, Wisconsin)
location	Green	Green County	(North America, USA, Wisconsin)
location	Chippewa	Chippewa County	(North America, USA, Wisconsin)
location	Pierce	Pierce County WI	(North America, USA, Wisconsin)
location	Sawyer	Sawyer County	(North America, USA, Wisconsin)
location	Columbia	Columbia County	(North America, USA, Wisconsin)
division	Georgia	Georgia (Europe)	(Asia, Georgia)
division	St. Gallen	Sankt Gallen	(Europe, Switzerland)
location	Caddo	Caddo Parish	(North America, USA, Louisiana)
location	Webster	Webster Parish	(North America, USA, Louisiana)
location	Rapides	Rapides Parish	(North America, USA, Louisiana)
location	East Carroll	East Carroll Parish	(North America, USA, Louisiana)
location	Bienville	Bienville Parish	(North America, USA, Louisiana)
location	Bossier	Bossier Parish	(North America, USA, Louisiana)
location	Sabine	Sabine Parish	(North America, USA, Louisiana)
location	Lincoln	Lincoln Parish	(North America, USA, Louisiana)
location	Red River	Red River Parish	(North America, USA, Louisiana)
location	Natchitoches	Natchitoches Parish	(North America, USA, Louisiana)
location	Ouachita	Ouachita Parish	(North America, USA, Louisiana)
location	Union	Union Parish	(North America, USA, Louisiana)
location	Avoyelles	Avoyelles Parish	(North America, USA, Louisiana)
location	De Soto	DeSoto Parish	(North America, USA, Louisiana)
location	Richland	Richland Parish	(North America, USA, Louisiana)
location	Madison	Madison Parish	(North America, USA, Louisiana)
division	Dolnoslaskie	Dolnośląskie	(Europe, Poland)
division	Bourgogne-Franche-Comté	Bourgogne-France-Comté
division	Hauts-de-France	Hauts de France
division	Île-de-France	Ile de France
division	Pays-de-la-Loire	Pays de la Loire
location	Saint-Pierre-Quiberon	Saint Pierre Quiberon	(Europe, France, Bretagne)
location	Guaruja	Guarujá	(South America, Brazil, São Paulo)
location	Interior	Interior Alaska	(North America, USA, Alaska)
location	New Haven	New Haven County	(North America, USA, Connecticut)
location	Hartford	Hartford County	(North America, USA, Connecticut)
location	New Castle	New Castle County	(North America, USA, Delaware)
location	Sussex	Sussex County	(North America, USA, Delaware)
location	Kent	Kent County	(North America, USA, Delaware)
location	Essone	Essonne	(Europe, France, Ile de France)
division	Northern Bohemia Region	Liberec Region	(Europe, Czech Republic)
division	Liberec	Liberec Region	(Europe, Czech Republic)
location	Gulf Coast		(North America, USA, Alaska)
location	South West		(North America, USA, Alaska)
location	Anchorage-Mat Su	Matanuska-Susitna Valley	(North America, USA, Alaska)
location	Mat Su	Matanuska-Susitna Valley	(North America, USA, Alaska)
division	Central Bohemia Region	Central Bohemian Region	(Europe, Czech Republic)
country	Republic of Congo	Republic of the Congo
location	Jamkhambhaliya	Khambhaliya	(Asia, India, Gujarat)
division	Moreogromsdal	More Og Romsdal	(Europe, Norway)
location	Chesire-Wallingford	Cheshire	(North America, USA, Connecticut)
location	Branford-Madison	Branford	(North America, USA, Connecticut)
location	Prospect-Orange	Prospect	(North America, USA, Connecticut)
location	Trumbull-Shelton	Trumbull	(North America, USA, Connecticut)
division	Leningrad Region	Leningrad Oblast	(Europe, Russia)
division	Sverdlovsk Oblast	Sverdlovsk	(Europe, Russia)
division	Primorsky Krai	Primorsky	(Europe, Russia)
division	Novogorod Oblast	Novgorod	(Europe, Russia)
location	Nizhniy Tagil	Nizhny Tagil	(Europe, Russia, Sverdlovsk)
location	Jalazon	Jalazone	(Asia, Palestine, Ramallah)
location	Halhoul	Halhul	(Asia, Palestine, Hebron)
location	Aroub	al-Arroub	(Asia, Palestine, Hebron)
location	Majdal Ben Fadel	Majdal Bani Fadil	(Asia, Palestine, Nablus)
location	Der Hatab	Deir al-Hatab	(Asia, Palestine, Nablus)
location	Aracatuba	Araçatuba	(South America, Brazil, São Paulo)
location	Mahachkala	Makhachkala	(Europe, Russia, Republic of Dagestan)
location	Karachaevsk	Karachayevsk	(Europe, Russia, Karachay-Cherkess Republic)
division	Pskov	Pskov Oblast	(Europe, Russia)
division	Pskov Region	Pskov Oblast	(Europe, Russia)
division	Moscow	Moscow Oblast	(Europe, Russia)
division	Chechen	Chechen Republic	(Europe, Russia)
division	Bryansk	Bryansk Oblast	(Europe, Russia)
division	Bryansk Region	Bryansk Oblast	(Europe, Russia)
division	Constituency Unknown	
division	Republic of Adygea	Adygea	(Europe, Russia)
division	Altai K	Altai Krai	(Europe, Russia)
division	Republic of Dagestan	Dagestan	(Europe, Russia)
division	Republic of Ingushetia	Ingushetia	(Europe, Russia)
division	Ivanovo Oblast	Ivanovo	(Europe, Russia)
division	Ivanovo Region	Ivanovo	(Europe, Russia)
division	Karachay-Cherkess Republic	Karachay-Cherkess	(Europe, Russia)
division	Kemerovo Oblast	Kemerovo	(Europe, Russia)
division	Kemerovo Region	Kemerovo	(Europe, Russia)
division	Khanty-Mansi Autonomous Okrug	Khanty-Mansi	(Europe, Russia)
division	Khanty-Mansi Autonomous Area	Khanty-Mansi	(Europe, Russia)
division	Republic of Khakassia	Khakassia	(Europe, Russia)
division	Republic of Kalmykia	Kalmykia	(Europe, Russia)
division	Kaluga Oblast	Kaluga	(Europe, Russia)
division	Kaluga Region	Kaluga	(Europe, Russia)
division	Komi Republic	Komi	(Europe, Russia)
division	Republic of Karelia	Karelia	(Europe, Russia)
division	Leningrad	Leningrad Oblast	(Europe, Russia)
division	Mari El Republic	Mari El	(Europe, Russia)
division	Murmansk Oblast	Murmansk	(Europe, Russia)
division	Murmansk Region	Murmansk	(Europe, Russia)
division	Novgorod Oblast	Novgorod	(Europe, Russia)
division	Novgorod Region	Novgorod	(Europe, Russia)
division	Nizhny Novgorod Oblast	Nizhny Novgorod	(Europe, Russia)
division	Stavropol Krai	Stavropol	(Europe, Russia)
division	Voronezh Oblast	Voronezh	(Europe, Russia)
division	Voronezh Region	Voronezh	(Europe, Russia)
division	Moscow Region	Moscow Oblast	(Europe, Russia)
location	Pecq	Le Pecq	(Europe, France, Ile de France)
location	Moussy-le-Neuf	Moussy Le Neuf	(Europe, France, Ile de France)
country	Cotedivoire	Côte d'Ivoire	(Africa)
country	Ivory Coast	Côte d'Ivoire	(Africa)
division	Na		(Europe, Denmark)
division	Boauké	Bouaké	(Africa, Côte d'Ivoire)
division	Auvergne-Rhone-Alpes	Auvergne-Rhône-Alpes	(Europe, France)
division	Lm	Limpopo	(Africa, South Africa)
location	Puerto Wiilliams	Puerto Williams	(South America, Chile, Magallanes)
country	Czech Repubic	Czech Republic
division	South Bohemian Region	Southern Bohemia Region	(Europe, Czech Republic)
location	Miškovice	Prague-Miskovice	(Europe, Czech Republic, Prague)
division	Santiago	Region Metropolitana de Santiago	(South America, Chile)
division	New York County	New York	(North America, USA)
location	New Castle County	Saline County	(North America, USA, Illinois)
location	Phoenix County	Maricopa County	(North America, USA, Arizona)
division	Västra Götaland	Vastra Gotaland	(Europe, Sweden)
location	Santa Barbara	Santa Barbara County	(North America, USA, California)
location	Westchester	Westchester County	(North America, USA, New York)
location	Nassau	Nassau County	(North America, USA, New York)
location	Suffolk	Suffolk County	(North America, USA, New York)
division	Noordbrabant	North Brabant	(Europe, Netherlands)
division	Noordholland	North Holland	(Europe, Netherlands)
division	Zuidholland	South Holland	(Europe, Netherlands)
division	Marijampole Apskritis	Marijampoles Apskritis	(Europe, Lithuania)
division	Tromsogfinnmark	Troms Og Finnmark	(Europe, Norway)
division	Trøndelag	Trondelag	(Europe, Norway)
division	Provence-Alpes-Cote-D’Azur	Provence-Alpes-Côte d'Azur	(Europe, France)
division	Western Cape	Western Cape Province	(Africa, South Africa)
location	Southern		(Africa, South Africa, Western Cape Province)
location	Western		(Africa, South Africa, Western Cape Province)
division	Provence-Alpes-Cote D'Azur	Provence-Alpes-Côte d'Azur	(Europe, France)
location	San Bernadino	San Bernardino County	(North America, USA, California)
division	Jerusalem	Jerusalem District	(Asia, Israel)
location	Valencia h	Valencia	(Europe, Spain, Comunitat Valenciana)
location	Valencia_h	Valencia	(Europe, Spain, Comunitat Valenciana)
location	Castellon de la Plana h	Castellon de la Plana	(Europe, Spain, Comunitat Valenciana)
location	Castellon_de_la_Plana_h	Castellon de la Plana	(Europe, Spain, Comunitat Valenciana)
location	Marsa	La Marsa	(Africa, Tunisia, Tunis)
location	Desoto Parish	DeSoto Parish	(North America, USA, Louisiana)
location	Smith	Smith County	(North America, USA, Texas)
location	Upshur	Upshur County	(North America, USA, Texas)
location	Angelina	Angelina County	(North America, USA, Texas)
location	Nacogdoches	Nacogdoches County	(North America, USA, Texas)
location	Van Zandt	Van Zandt County	(North America, USA, Texas)
location	Wheeler	Wheeler County	(North America, USA, Texas)
location	Titus	Titus County	(North America, USA, Texas)
location	Gonzales	Gonzales County	(North America, USA, Texas)
location	Gray	Gray County	(North America, USA, Texas)
location	Gregg	Gregg County	(North America, USA, Texas)
location	Oldham	Oldham County	(North America, USA, Texas)
location	Brown	Brown County	(North America, USA, Texas)
location	Bee	Bee County	(North America, USA, Texas)
division	Provence-Alpes-Côte-D’Azur	Provence-Alpes-Côte d'Azur	(Europe, France)
division	Bioko sur	Bioko Sur	(Africa, Equatorial Guinea)
location	Sagunto	Sagunt	(Europe, Spain, Comunitat Valenciana)
division	Castilla La Mancha	Castilla la Mancha	(Europe, Spain)
country	Viet Nam	Vietnam	(Asia)
location	Lavaca	Lavaca County	(North America, USA, Texas)
location	Calhoun	Calhoun County	(North America, USA, Texas)
location	Webb	Webb County	(North America, USA, Texas)
location	Wilson	Wilson County	(North America, USA, Texas)
location	Bandera	Bandera County	(North America, USA, Texas)
location	Rouziers de Touraine	Rouziers-de-Touraine	(Europe, France, Centre-Val de Loire)
location	Montcada i Reixac	Moncada y Reixach	(Europe, Spain, Catalunya)
location	Hospitalet del Llobregat	L'Hospitalet de Llobregat	(Europe, Spain, Catalunya)
division	Baden-Wurttemberg	Baden-Wuerttemberg	(Europe, Germany)
division	Vinh Phuc	Vinhphuc	(Asia, Vietnam)
location	Chambéry	Chambery	(Europe, France, Auvergne-Rhône-Alpes)
division	Normandy	Normandie	(Europe, France)
location	Orange	Orange County	(North America, USA, California)
division	Baranya	Baranya County	(Europe, Hungary)
location	Rockland	Rockland County	(North America, USA, New York)
division	San Salvado	San Salvador	(North America, El Salvador)
location	Moris	Morris County	(North America, USA, Texas)
division	Paraíba	Paraiba	(South America, Brazil)
location	New York	New York City	(North America, USA, New York)
location	Suubotica	Subotica	(Europe, Serbia, North Bačka District)
country	Côte D’Ivoire	Côte d'Ivoire	(Africa)
country	Cote Divoire	Côte d'Ivoire	(Africa)
location	Limerick County		(Europe, Ireland, Limerick)
location	Santiago	Santiago de Puriscal	(North America, Costa Rica, San Jose)
location	San Francisco	San Francisco CR	(North America, Costa Rica, Heredia)
location	San Diego	San Diego CR	(North America, Costa Rica, Cartago)
location	San Rafael	San Rafael de Escazú	(North America, Costa Rica, San Jose)
division	Cartago	Cartago CR	(North America, Costa Rica)
location	Albany	Albany County	(North America, USA, New York)
location	Villafranca	Vilafranca de Bonany	(Europe, Spain, Balear Islands)
location	Villeneuve-St-Georges	Villeneuve St Georges	(Europe, France, Ile de France)
location	Mcculloch County	McCulloch County	(North America, USA, Texas)
division	Møre Og Romsdal	More Og Romsdal	(Europe, Norway)
location	Nelson Mandela Bay Metropolitan Municipality	Nelson Mandela Bay	(Africa, South Africa, Eastern Cape)
location	Chris Hani Distict Municipality	Chris Hani	(Africa, South Africa, Eastern Cape)
location	Sarah Baartman District Municipality	Sarah Baartman	(Africa, South Africa, Eastern Cape)
location	Sarah Baartman Distrct Municipality	Sarah Baartman	(Africa, South Africa, Eastern Cape)
location	Dusseldorf Health Department	Duesseldorf	(Europe, Germany, North Rhine Westphalia)
location	Nova Iguaçu	Nova Iguacu	(South America, Brazil, Rio de Janeiro)
location	São Gonçalo	Sao Goncalo	(South America, Brazil, Rio de Janeiro)
location	Niterói	Niteroi	(South America, Brazil, Rio de Janeiro)
location	Itaboraí	Itaborai	(South America, Brazil, Rio de Janeiro)
location	Petrópolis	Petropolis	(South America, Brazil, Rio de Janeiro)
division	Drente	Drenthe	(Europe, Netherlands)
division	Noord-Brabant	North Brabant	(Europe, Netherlands)
division	Noord-Holland	North Holland	(Europe, Netherlands)
division	Zuid-Holland	South Holland	(Europe, Netherlands)
division	Espírito Santo	Espirito Santo	(South America, Brazil)
location	Três Rios	Tres Rios	(South America, Brazil, Rio de Janeiro)
division	Orenburg Region	Orenburg	(Europe, Russia)
division	Oryol Region	Oryol	(Europe, Russia)
division	Rostov Region	Rostov	(Europe, Russia)
division	Ryazan Region	Ryazan	(Europe, Russia)
division	Yaroslavl Region	Yaroslavl	(Europe, Russia)
division	Amazonas	Amazonas PE	(South America, Peru)
division	Amazonas	Amazonas BR	(South America, Brazil)
location	Yanino	Yanino-1	(Europe, Russia, Leningrad Oblast)
location	Ekaterinburg	Yekaterinburg	(Europe, Russia, Sverdlovsk)
location	Kern	Kern County	(North America, USA, California)
division	Olomouc	Olomouc Region	(Europe, Czech Republic)
division	Catalonia	Catalunya	(Europe, Spain)
division	Saint-Peterburg	Saint-Petersburg	(Europe, Russia)
division	Akwa-Ibom State	Akwa-Ibom	(Africa, Nigeria)
division	Lagos State	Lagos	(Africa, Nigeria)
division	Fct	Federal Capital Territory	(Africa, Nigeria)
division	Chelyabinsk Region	Chelyabinsk	(Europe, Russia)
division	Saratov Region	Saratov	(Europe, Russia)
location	Mlada Boleslav	Mladá Boleslav	(Europe, Czech Republic, Central Bohemian Region)
location	Amathole		(Africa, South Africa, KwaZulu-Natal)
location	Derevyannoe	Derevyanka	(Europe, Russia, Karelia)
location	Borisovichi	Borovichi	(Europe, Russia, Pskov Oblast)
division	Maplaigne		(Europe, Belgium)
location	Puntaarenas	Punta Arenas	(South America, Chile, Magallanes)
location	Cúcuta	Cucuta	(South America, Colombia, Norte de Santander)
location	Napa, Solano, Yolo, Marin Counties		(North America, USA, California)
division	Northern	North District	(Asia, Israel)
division	Central	Central District	(Asia, Israel)
division	Southern Coast	South District	(Asia, Israel)
division	Araucania	Araucanía	(South America, Chile)
division	Biobio	Biobío	(South America, Chile)
division	Bogotá	Bogota	(South America, Colombia)
division	Amazonas	Departamento de Amazonas	(South America, Colombia)
location	Victoria	Victoria County	(North America, USA, Texas)
location	Jasper	Jasper County	(North America, USA, Texas)
location	Dobrany	Dobřany	(Europe, Czech Republic, Plzeň Region)
division	Libertador General Bernardo O'Higgins	O'Higgins	(South America, Chile)
location	Maui County Hi	Maui County	(North America, USA, Hawaii)
location	Honolulu County Hi	Honolulu County	(North America, USA, Hawaii)
location	Hawaii County Hi	Hawaii County	(North America, USA, Hawaii)
location	Kauai County Hi	Kauai County	(North America, USA, Hawaii)
division	Plzen Region	Plzeň Region	(Europe, Czech Republic)
division	Sachsen-Anhalt	Saxony-Anhalt	(Europe, Germany)
division	Thüringen	Thuringia	(Europe, Germany)
division	Bayern	Bavaria	(Europe, Germany)
division	Hessen	Hesse	(Europe, Germany)
division	Nordrhein-Westfalen	North Rhine Westphalia	(Europe, Germany)
division	Sachsen	Saxony	(Europe, Germany)
location	Tucson	Pima County	(North America, USA, Arizona)
region	Afrique	Africa
location	Collin	Collin County	(North America, USA, Texas)
location	Red River	Red River County	(North America, USA, Texas)
location	Hays	Hays County	(North America, USA, Texas)
location	Brewster	Brewster County	(North America, USA, Texas)
location	Waller	Waller County	(North America, USA, Texas)
location	Starr	Starr County	(North America, USA, Texas)
location	Lubbock	Lubbock County	(North America, USA, Texas)
location	Wise	Wise County	(North America, USA, Texas)
location	Hood	Hood County	(North America, USA, Texas)
location	Tom Green	Tom Green County	(North America, USA, Texas)
location	Fort Bend	Fort Bend County	(North America, USA, Texas)
location	Nueces	Nueces County	(North America, USA, Texas)
location	Washington	Washington County TX	(North America, USA, Texas)
location	Guadalupe	Guadalupe County	(North America, USA, Texas)
division	Yogjakarta	Yogyakarta	(Asia, Indonesia)
division	Vastra Gotalandsregionen	Vastra Gotaland	(Europe, Sweden)
division	Krasnoyarsk Krai	Krasnoyarsk	(Europe, Russia)
division	Provence-Alpes-Côte D'Azur	Provence-Alpes-Côte d'Azur	(Europe, France)
location	De Soto Parish	DeSoto Parish	(North America, USA, Louisiana)
location	San Rafael	San Rafael de Alajuela	(North America, Costa Rica, Alajuela)
location	San Rafael	San Rafael Cartago	(North America, Costa Rica, Cartago CR)
location	Pitaya	Pitahaya	(North America, Costa Rica, San Jose)
location	Nanuque		(South America, Brazil, Rio Grande do Sul)
division	Samut Sakorn	Samut Sakhon	(Asia, Thailand)
location	Sao Bernardo	Sao Bernardo do Campo	(South America, Brazil, São Paulo)
division	Bangka Belitung Islands	Kepulauan Bangka Belitung	(Asia, Indonesia)
division	Sale	Salé	(Africa, Morocco)
division	Rhineland-Palatinate	Rheinland-Pfalz	(Europe, Germany)
division	Amur	Amur Region	(Europe, Russia)
division	Astrakhan	Astrakhan Region	(Europe, Russia)
division	Irkutsk	Irkutsk Region	(Europe, Russia)
division	Kamchatka	Kamchatka Krai	(Europe, Russia)
division	Kaliningrad	Kaliningrad Region	(Europe, Russia)
division	Mordovia	Republic of Mordovia	(Europe, Russia)
division	North Ossetia-Alania	Republic of North Ossetia-Alania	(Europe, Russia)
division	Tambov	Tambov Region	(Europe, Russia)
division	Tula	Tula Region	(Europe, Russia)
division	Tyumen	Tyumen Region	(Europe, Russia)
division	Volgograd	Volgograd Region	(Europe, Russia)
division	Vladimir	Vladimir Region	(Europe, Russia)
location	Cox'S Bazar	Cox's Bazar	(Asia, Bangladesh, Chattogram)
location	Andrezieux-Boutheon	Andrézieux-Bouthéon	(Europe, France, Auvergne-Rhône-Alpes)
location	Plessis-Trevise	Plessis Trevise	(Europe, France, Ile de France)
location	Bahía Blanca	Bahia Blanca	(South America, Argentina, Buenos Aires)
division	Provence Alpes Cote Azur	Provence-Alpes-Côte d'Azur	(Europe, France)
division	Aquitaine	Nouvelle-Aquitaine	(Europe, France)
division	Piauí	Piaui	(South America, Brazil)
division	Rondônia	Rondonia	(South America, Brazil)
location	Llucmajor	Lluchmayor	(Europe, Spain, Balear Islands)
division	Pará	Para	(South America, Brazil)
division	Center Java	Central Java	(Asia, Indonesia)
location	Brikman	Brinkmann	(South America, Argentina, Cordoba AR)
division	Cenral	Central District	(Asia, Israel)
division	Graubã¼Nden	Graubünden	(Europe, Switzerland)
division	Neuchã¢Tel	Neuchâtel	(Europe, Switzerland)
division	La Araucania	Araucanía	(South America, Chile)
division	Boyacá	Boyaca	(South America, Colombia)
location	Tel Aviv	Tel-Aviv	(Asia, Israel, Tel Aviv District)
location	Tiberias	Tveria	(Asia, Israel, North District)
location	Bet Shemesh	Beit Shemesh	(Asia, Israel, Jerusalem District)
division	Southern	South District	(Asia, Israel)
location	Beer Sheva	Beer-Sheva	(Asia, Israel, South District)
location	Petachtikva	Petah Tikva	(Asia, Israel, Central District)
location	Rishon Letzion	Rishon-Letsion	(Asia, Israel, Central District)
location	Natanya	Netanya	(Asia, Israel, Central District)
location	מבוא חורון	Mevo Horon	(Asia, Israel, Judea and Samaria)
location	Bat	Barletta-Andria-Trani	(Europe, Italy, Apulia)
location	Ostego County	Otsego County	(North America, USA, New York)
division	Haifa	Haifa District	(Asia, Israel)
location	Southwest	Southwest Alaska	(North America, USA, Alaska)
division	Western Pomerania	Mecklenburg-Vorpommern	(Europe, Germany)
location	Navajo	Navajo County	(North America, USA, Arizona)
location	Sullivan	Sullivan County	(North America, USA, New York)
location	Maricopa	Maricopa County	(North America, USA, Arizona)
location	Mohave	Mohave County	(North America, USA, Arizona)
division	Virgina	Virginia	(North America, USA)
country	Mosambik	Mozambique	(Africa)
division	Pivo	Czech Republic	(Europe, Czech Republic)
location	Fréjus	Frejus	(Europe, France, Provence Alpes Côte D'Azur)
division	Grisons	Graubünden	(Europe, Switzerland)
division	Haut-Rhin	Grand Est	(Europe, France)
division	Ile-de-France	Ile de France	(Europe, France)
division	Provence Alpes Côte D'Azur	Provence-Alpes-Côte d'Azur	(Europe, France)
division	Puglia	Apulia	(Europe, Italy)
division	Santo Domingo	Santo Domingo de los Tsachilas	(South America, Ecuador)
division	Mecklenburg-Western Pomerania	Mecklenburg-Vorpommern	(Europe, Germany)
location	Colombus	Columbus	(North America, USA, Ohio)
location	Fréjus	Frejus	(Europe, France, Provence-Alpes-Côte d'Azur)
location	Beaufort	Beaufort County	(North America, USA, South Carolina)
location	Darlington	Darlington County	(North America, USA, South Carolina)
location	Greenville	Greenville County	(North America, USA, South Carolina)
location	Horry	Horry County	(North America, USA, South Carolina)
location	Anderson	Anderson County	(North America, USA, South Carolina)
location	Berkeley	Berkeley County	(North America, USA, South Carolina)
location	Dorchester	Dorchester County	(North America, USA, South Carolina)
location	Charleston	Charleston County	(North America, USA, South Carolina)
location	Richland	Richland County SC	(North America, USA, South Carolina)
location	Spartanburg	Spartanburg County	(North America, USA, South Carolina)
location	Florence	Florence County	(North America, USA, South Carolina)
division	Region Ix	Zamboanga Peninsula	(Asia, Philippines)
division	Region Iv-A	Calabarzon	(Asia, Philippines)
division	Region Iv-B	Mimaropa	(Asia, Philippines)
division	Szabolcs-Szatmár Bereg County	Szabolcs-Szatmár-Bereg County	(Europe, Hungary)
division	Yaounde	Yaoundé	(Africa, Cameroon)
location	Warsaw	Warszawa	(Europe, Poland, Mazowieckie)
division	Pays de Loire	Pays de la Loire	(Europe, France)
location	New York County		(North America, USA, California)
location	Lanus	Lanús	(South America, Argentina, Buenos Aires)
division	Zlin	Zlín Region	(Europe, Czech Republic)
location	Wernerberg	Wernberg	(Europe, Austria, Carinthia)
location	Eisenklappen		(Europe, Austria, Carinthia)
location	Sitterdorf	Sittersdorf	(Europe, Austria, Carinthia)
location	Brest Cedex	Brest	(Europe, France, Bretagne)
location	Paris Cedex 15	Paris	(Europe, France, Ile de France)
location	King Cetswayo	King Cetshwayo	(Africa, South Africa, KwaZulu-Natal)
location	Denton	Denton County	(North America, USA, Texas)
location	Tarrant	Tarrant County	(North America, USA, Texas)
location	Harrison	Harrison County	(North America, USA, Texas)
location	Jim Hogg	Jim Hogg County	(North America, USA, Texas)
location	Terry	Terry County	(North America, USA, Texas)
location	Jose C Paz	José C Paz	(South America, Argentina, Buenos Aires)
division	Sardegna	Sardinia	(Europe, Italy)
division	Argovie	Aargau	(Europe, Switzerland)
division	Berne	Bern	(Europe, Switzerland)
division	Bale	Basel-Stadt	(Europe, Switzerland)
division	Neuchatel	Neuchâtel	(Europe, Switzerland)
division	Saint-Gall	Sankt Gallen	(Europe, Switzerland)
division	Schaffhouse	Schaffhausen	(Europe, Switzerland)
location	Cobbala		(Africa, Tunisia, Bizerte)
division	Zlin	Zlín Region	(Europe, Czech Republic)
location	Jim Wells	Jim Wells County	(North America, USA, Texas)
location	Sant Adrian de Besos	Sant Adria del Besos	(Europe, Spain, Catalunya)
location	Santa Coloma de Gramanet	Santa Coloma de Gramenet	(Europe, Spain, Catalunya)
country	Trinidad	Trinidad and Tobago	(South America)
division	Centre	Centre-Val de Loire	(Europe, France)
location	Compiegne	Compiègne	(Europe, France, Hauts de France)
location	Villejuif Cedex	Villejuif	(Europe, France, Ile de France)
location	Nantes Cedex	Nantes	(Europe, France, Pays de la Loire)
location	Le Mans Cedex	Le Mans	(Europe, France, Pays de la Loire)
location	São Jose Dos Campo	Sao Jose Dos Campos	(South America, Brazil, São Paulo)
division	Stankt Gallen	Sankt Gallen	(Europe, Switzerland)
location	Alpes Durance		(Europe, France, Provence-Alpes-Côte d'Azur)
location	Sao Matetus	Sao Mateus	(South America, Brazil, São Paulo)
location	Ermelindo Matarazo	Ermelino Matarazzo	(South America, Brazil, São Paulo)
