location	Wuhan
location	Tianmen
location	Hefei
location	Jingzhou
location	Jiujiang
location	Jian
location	Pu'er
location	Xinyu
location	Shangrao
location	Ganzhou
location	Pingxiang
location	Zhongxian
location	Xishuangbanna
location	Yongchuan
location	Huizhou
location	Shantou
location	Zhongshan
location	Shanwei
location	Yangjiang
location	Shaoguan
location	Dongguan
location	Zhanjiang
location	Beijing
location	Chongqing
location	Suzhou
location	Fuyang
location	Chengdu
location	Kunming
location	Hangzhou
location	Guangdong
location	Lishui
location	Shenzhen
location	Zhuhai
location	Huaian
location	Qingdao
location	Guangzhou
location	Zhengzhou
location	Nanchang
location	Foshan
location	Hong Kong
location	Taipei
location	Taoyuan
location	Kaohsiung
location	Aichi
location	Tokyo
location	Kyoto
location	Gyeonggi
location	Chungcheongnam
location	Seoul
location	Kathmandu
location	Thanh Hoa
location	Hanoi
location	Bangkok
location	Hyderabad
location	Noida
location	Ahmedabad
location	Surat
location	Gandhinagar
location	Mansa
location	Kolkata
location	Modasa
location	Dhansura
location	Dahegam
location	Prantij
location	Himatnagar
location	East Medinipur
location	South 24 Parganas
location	Howrah
location	Tehatta
location	Darjeeling
location	Singapore
location	Gold Coast
location	Sydney
location	Southeast Queensland
location	Northern Queensland
location	Cairns
location	Tweed Heads
location	Perth
location	Sunshine Coast
location	Melbourne
location	Brisbane
location	Rockhampton
location	Clayton
location	Auckland
location	Gilgit
location	Riyadh
location	Hawali
location	Dasman
location	Ulan-Ude
location	Kipen
location	Bela - Ledec na Sazavou
location	Ischgl
location	Innsbruck
location	Matrei am Brenner
location	Strass im Zillertal
location	Elbigenalp
location	Aldrans
location	Ramsau im Zillertal
location	Steinach am Brenner
location	Zams
location	Seefeld in Tirol
location	Bad Gastein
location	Kematen in Tirol
location	Laengenfeld
location	St. Anton
location	Sistrans
location	Vienne
location	Heinsberg District
location	Heinsberg
location	Munich
location	Duesseldorf
location	Delft
location	Utrecht
location	Zeewolde
location	Loon op zand
location	Berlicum
location	Blaricum
location	Hardinxveld Giessendam
location	Coevorden
location	Diemen
location	Nootdorp
location	Naarden
location	Eindhoven
location	Houten
location	Haarlem
location	Nieuwendijk
location	Andel
location	Rotterdam
location	Oss
location	Tilburg
location	Helmond
location	Oisterwijk
location	Dalen
location	Budapest
location	Nantes
location	Tours
location	Brest
location	Vanves
location	Crouy en Thelle
location	Meudon la Forêt
location	Crépy en Valois
location	Bourg-en-Bresse
location	Saint-Priest
location	Venissieux
location	Macon
location	Privas
location	Valence
location	Lyon
location	Le Pecq
location	Colombes
location	Nogent-l'Artaud
location	Montigny le Bretonneux
location	Dijon
location	Ploudalmezeau
location	Ham sous Varsberg
location	Cergy
location	Guyancourt
location	Chalon sur Saone
location	Nancy
location	Paris
location	Saint Germain en Laye
location	Seine-Port
location	Abondant
location	Levallois-Perret
location	Reims
location	Garches
location	Rennes
location	Longjumeau
location	Levallois-perret
location	Pontoise
location	Compiègne
location	Woippy
location	Spicheren
location	Chateau-Thierry
location	Asnières-sur-Seine
location	Garches
location	Juvisy-sur-Orge
location	Orsay
location	Saint-Thibault-des-Vignes
location	Gennevilliers
location	Noisy le Roi
location	Gondrecourt-le-chateau
location	Moussy Le Neuf
location	Carentan
location	Contamines
location	Thise
location	Montreux-Chateau
location	Rouen
location	Leuven
location	Villerot
location	Poppel
location	Havre
location	Couillet
location	Trazegnies
location	Jumet
location	Koersel
location	Wandre
location	Cuesmes
location	Saive
location	Quevaucamps
location	Montignies-Sur-Sambre
location	Tertre
location	Heverlee
location	Kain
location	Winksele
location	Jemappes
location	Bassilly
location	Blandain
location	Neerpelt
location	Geluwe
location	Haulchin
location	Bierset
location	Saisinne
location	Braine-le-Chateau
location	Arbre
location	Temploux
location	Ladeuze
location	Forchies-la-marche
location	Yernee-fraineux
location	Starnberg
location	Strasbourg
location	Rome
location	Milan
location	Verona IT
location	L'Aquila
location	Teramo
location	Grau de Sagunt
location	Valencia
location	Valencia Horta
location	Beniganim
location	Llutxent
location	Tavernes de la Valldigna
location	Gandia
location	Palma de Gandia
location	Sagunt
location	Segorbe
location	Pala de Gandia
location	El Puig
location	Elda
location	Olleria
location	Canet d'en Berenguer
location	Bonrepos i Mirambell
location	Alboraya
location	Meliana
location	Gilet
location	Albuixech
location	Xeraco
location	Oliva
location	Puzol
location	Benirredra
location	Luxembourg
location	England
location	South Yorkshire
location	London
location	Northamtonshire
location	Derbyshire
location	Yorkshire
location	Nottinghamshire
location	Cardiff
location	Rovaniemi
location	Jönköping
location	Anserma
location	Palmira
location	Togui
location	Soacha
location	Madrid CO
location	Meta
location	Zipaquira
location	Santa Sofia
location	Ipiales
location	Quibdo
location	Pereira
location	Neiva
location	Funza
location	Cali
location	Buga
location	Ibague
location	Medellin
location	Dosquebradas
location	Envigado
location	Itagui
location	Sabaneta
location	Choconta
location	Tulua
location	Santa Marta
location	Trujillo
location	Andalucia
location	Jamundi
location	El cerrito
location	Santana
location	Pacho
location	Tierralta
location	Monteria
location	Valledupar
location	Cajica
location	Cúcuta
location	Villavicencio
location	Chía
location	Yumbo
location	Sao Paulo
location	Brasilia
location	Rio de Janeiro
location	Bahia Blanca
location	San Carlos de Bariloche
location	Quilmes
location	Florianopolis
location	Niteroi
location	Joinville
location	Maceio
location	Manaus
location	Feira de Santana
location	Vila Velha
location	Mexico City
location	Alajuela
location	San Rafael
location	Cartago
location	San Juan
location	Heredia
location	La Crosse County
location	Stoughton
location	Beloit
location	Belleville
location	Marshall
location	Muscoda
location	Blanchardville
location	Tomah
location	Janesville
location	Holy Cross
location	Hillpoint
location	Richland Center
location	Oregon WI
location	Cottage Grove
location	Cross Plains
location	DeForest
location	Madison
location	Chippewa Falls
location	Monona
location	Mount Horeb
location	Sun Prarie
location	Fitchburg
location	Waunakee
location	Spring Green
location	Middleton
location	King County
location	Whatcom County
location	Yakima County
location	Thurston County
location	Skagit County
location	Snohomish County
location	Pierce County
location	Solano County
location	Sonoma County
location	Orange County CA
location	Kirkland
location	Mason County
location	Asotin County
location	Benton County
location	Kittitas County
location	Seattle
location	Los Angeles
location	San Francisco County
location	California
location	Columbus OH
location	Columbus WI
location	Cincinnati
location	Ketchikan
location	Fairbanks
location	Mat-Su
location	Interior Alaska
location	Southeast Alaska
location	Wasilla
location	Juneau
location	Eielson AFB
location	Anchorage
location	Elmendorf AFB
location	San Francisco
location	San Diego County
location	San Diego
location	San Mateo County
location	Marin County
location	San Joaquin County
location	Sacramento County
location	Santa Clara County
location	Davis
location	Grant County
location	Snohomish County
location	King County
location	Clark County
location	Umatilla County
location	Phoenix
location	Chicago
location	Illinois
location	Indianapolis
location	Wisconsin
location	Dane County
location	Boston
location	Houston
location	Orange County NY
location	Manhattan
location	Nassau County
location	Brooklyn
location	Brooklyn NY
location	Queens
location	Staten Island
location	Bronx
location	Hudson County
location	Essex County
location	Camden County
location	Westchester County
location	Richmond County
location	Franklin County NY
location	Franklin County WA
location	Suffolk County
location	Onondaga County
location	Rockland County
location	Chenango County
location	Saratoga County
location	Montgomery County
location	Ulster County
location	Cayuga County
location	Schenectady County
location	Washington County NY
location	Washington County OR
location	Albany County
location	Putnam County
location	New York City
location	Fairfield County
location	Bergen County
location	Clinton County
location	Broome County
location	Jefferson County WA
location	Jefferson County WI
location	Verona WI
location	Dutchess County
location	Passaic County
location	Monroe County
location	Winona County
location	Allamakee County
location	Winneshiek County
location	Jackson County
location	Florida
location	Miramar
location	Adams County WA
location	Adams County WI
location	New Orleans
location	East Feliciana Parish
location	Caddo Parish
location	Webster Parish
location	Bienville Parish
location	East Baton Rouge Parish
location	Livingston Parish
location	Iberville Parish
location	Pittsburgh
location	Colorado Springs
location	Fayette County
location	Thiensville
location	Racine
location	Cudahy
location	Mequon
location	Wauwatosa
location	Greenfield
location	Milwaukee
location	Brown Deer
location	Greater Milwaukee Area
location	Slinger
location	River Hills
location	Bayside
location	Vernon County
location	Trempealeau County
location	Juneau County
location	Saukville
location	Hartford
location	Campbellsport
location	Jackson
location	Oak Creek
location	Port Washington
location	Grafton
location	New Berlin
location	Pewaukee
location	Franklin
location	Whitefish Bay
location	South Milwaukee
location	Brookfield
location	Elm Grove
location	Glendale
location	Columbia County
location	Multnomah County
location	Wasco County
location	Accra
location	Montérégie
location	Lanaudière



division	China
division	Hubei
division	Guangxi
division	Henan
division	Beijing
division	Anhui
division	Jiangxi
division	Chongqing
division	Hangzhou
division	Sichuan
division	Yunnan
division	Jiangsu
division	Shandong
division	Zhejiang
division	Fujian
division	Guangdong
division	Shanghai
division	Hong Kong
division	Taiwan
division	Samut Prakarn
division	Pathum Thani
division	Taipei
division	New Taipei City
division	Philippines
division	Manila
division	Keelung
division	Taoyuan
division	Aichi
division	Tokyo
division	Japan
division	Kanto
division	Chiba
division	Ishikawa
division	Saitama
division	Nara
division	Osaka
division	Kyoto
division	Kanagawa
division	Gyeonggi
division	Chungcheongnam
division	Seoul
division	South Korea
division	Chattogram
division	Nepal
division	Kathmandu
division	Sri Lanka
division	Selangor
division	Kuala Lumpur
division	Uttar Pradesh
division	Delhi
division	Ladakh
division	Punjab
division	Tamil Nadu
division	Bihar
division	Mumbai
division	Andhra Pradesh
division	Jammu
division	Haryana
division	Maharashtra
division	Odisha
division	Kargil
division	Telangana
division	Karnataka
division	Gujarat
division	Kerala
division	West Bengal
division	Assam
division	Rajsathan
division	Madhya Pradesh
division	Kochi
division	Khyber Pakhtunkhwa
division	Ramat Gan
division	Iran
division	Tehran
division	Semnan
division	Doha
division	Dhaka
division	Kuwait
division	Amman
division	Irbid
division	Kayseri
division	Istanbul
division	Afyon
division	Sakarya
division	Canakkale
division	Konya
division	Eskisehir
division	Kocaeli
division	Ankara
division	Nevsehir
division	Siirt
division	Karaman
division	Aksaray
division	Kastamonu
division	Balikesir
division	Gilgit Baltistan
division	Tbilisi
division	Vietnam
division	Thanh Hoa
division	Ho Chi Minh City
division	Hanoi
division	Vinhphuc
division	Red River Delta
division	Quangning
division	Cambodia
division	Sihanoukville
division	Nonthaburi
division	Thailand
division	Phuket
division	Myanmar
division	Bangkok
division	Malaysia
division	Singapore
division	Brunei
division	Jakarta
division	Surabaya
division	India
division	Bangladesh
division	Australia
division	South Australia
division	Queensland
division	Northern Territory
division	New South Wales
division	Western Australia
division	Victoria
division	Wellington
division	Guam
division	New Zealand
division	Otago
division	Auckland
division	United Arab Emirates
division	Saudi Arabia
division	Riyadh
division	Qatar
division	Israel
division	Tel Aviv District
division	North District
division	Jerusalem District
division	South Coast District
division	South District
division	Jordan
division	Turkey
division	Styria
division	Denizli
division	Tokat
division	Agri
division	Mardin
division	Tekirdag
division	Adıyaman
division	Pakistan
division	Jeddah
division	Madinah
division	Makkah
division	Nur-Sultan
division	Russia
division	Saint-Petersburg
division	Moscow
division	Moscow Region
division	Leningrad Region
division	Chelyabinsk Region
division	Krasnodar Region
division	Krasnoyarsk Region
division	Khabarovsk Region
division	Lipetsk Region
division	Novosibirsk Region
division	Omsk Region
division	Orenburg Region
division	Tatarstan
division	Perm Region
division	Primorskiy Region
division	Pskov Region
division	Sakhalin Region
division	Samara Region
division	Sverdlovsk Region
division	Tver Region
division	Buryat Republic
division	Chechen Republic
division	Republic of Buryatia
division	Republic of Sakha
division	Republic of Kabardino-Balkaria
division	Republic of Crymea
division	Republic of Tatarstan
division	Slovenia
division	Bucharest
division	Constanta
division	Brasov
division	Poland
division	Wielkopolskie
division	Dolnoslaskie
division	Belarus
division	Estonia
division	Latvia
division	Europe
division	Iceland
division	Reykjavik
division	Helsinki
division	Riga
division	Lithuania
division	Vilnius
division	Norway
division	Oslo
division	Trondheim
division	Istria
division	Serbia
division	Kraljevo
division	Novi Pazar
division	Bucharest
division	Hungary
division	Central Hungary
division	Baranya
division	Budapest
division	Balatonfured
division	Balassagyarmat
division	Kecskemet
division	Oroshaza
division	Bekesszentandras
division	Szeged
division	Kostoliste
division	Kosice
division	Slovakia
division	Bratislava
division	Malopolskie
division	Czech Republic
division	Prague
division	Vysocina Region
division	Martin
division	Copenhagen
division	Bretagne
division	Ile de France
division	Occitanie
division	Centre-Val de Loire
division	France
division	Auvergne-Rhône-Alpes
division	Pays de la Loire
division	Hauts de France
division	Bretagne
division	Bourgogne-France-Comté
division	Bourgogne
division	Normandie
division	Grand Est
division	Toulouse
division	Auvergne Rhone Alpes
division	Spain
division	Castilla Y León
division	Basque Country
division	Castilla La Mancha
division	Andalusia
division	Catalunya
division	Castilla y Leon
division	Barcelona
division	Galicia
division	Madrid
division	Flanders
division	Beersel
division	Leuven
division	Zinnik
division	Namur
division	Sint-Agatha-Berchem
division	Wevelgem
division	Waterloo
division	Stekene
division	Lanaken
division	Vilvoorde
division	Charleroi
division	Mouscron
division	Zoutleeuw
division	Nieuwerkerken
division	Courcelles
division	Bree
division	Knokke-Heist
division	Herve
division	Oudergem
division	La Louviere
division	Ukkel
division	Quaregnon
division	Genappe
division	Ath
division	Doornik
division	Theux
division	Berloz
division	Anderlecht
division	Gent
division	Waasmunster
division	Tielt-Winge
division	Dalhem
division	Quevy
division	Lubbeek
division	Hemiksem
division	Sint-Gillis-Waas
division	Walloon Brabant
division	Herent
division	Silly
division	Wervik
division	Belgium
division	Pelt
division	Blegny
division	Estinnes
division	Ravels
division	Tournai
division	Lasne
division	Herstal
division	Boutersem
division	Dendermonde
division	Saint-Ghislain
division	Soignies
division	Henri-chapelle
division	Elsene
division	Sint-Genesius-Rode
division	Wanze
division	Seraing
division	Riemst
division	Oostrozebeke
division	Geraardsbergen
division	Herselt
division	Montigny-le-Tilleul
division	Beringen
division	Soumagne
division	Havelange
division	Fontaine-l Eveque
division	Lummen
division	Mons
division	Boussu
division	Tienen
division	Grimbergen
division	Colfontaine
division	Bonheiden
division	Bierbeek
division	Ronse
division	Etterbeek
division	Sint-Truiden
division	Andenne
division	Linter
division	Alken
division	Tervuren
division	Watermaal-Bosvoorde
division	Couvin
division	Braine-l alleud
division	Tubize
division	Frameries
division	Honnelles
division	Hasselt
division	Chaineux
division	Kalmthout
division	Ganshoren
division	Nevele
division	Houthalen-Helchteren
division	Zonhoven
division	Gierle
division	Dilbeek
division	Schoten
division	Rixensart
division	Vorst
division	Sint-Pieters-Woluwe
division	Kasterlee
division	Couthuin
division	Kessel-Lo
division	Holsbeek
division	Sint-Niklaas
division	Kraainem
division	Huldenberg
division	Brussels
division	Liège
division	Saint-Saulve
division	Helden
division	Switzerland
division	Lucerne
division	Bavaria
division	Duesseldorf
division	Baden-Wuerttemberg
division	Munich
division	North Rhine Westphalia
division	Netherlands
division	Milheeze
division	Utrecht
division	Deinze
division	Antwerp
division	Ellezelles
division	Merelbeke
division	Hoegaarden
division	Asse
division	Zolder
division	Kaulile
division	Eupen
division	Oevel
division	Ghent
division	Overijssel
division	Gelderland
division	Limburg
division	Drenthe
division	North Brabant
division	Flevoland
division	South Holland
division	North Holland
division	Friesland
division	Luxembourg
division	Austria
division	Vienna
division	Tyrol
division	Burgenland
division	Salzburg
division	Germany
division	Zielonogorskie
division	Pomorskie
division	Basel-Stadt
division	Basel-Land
division	Bern
division	Zürich
division	Aargau
division	Geneva
division	Vaud
division	Ticino
division	Graubünden
division	Schwyz
division	Comunitat Valenciana
division	Athens
division	Komen
division	Italy
division	Italian cruise ship
division	South Tyrol
division	Lazio
division	Marche
division	Lombardy
division	Abruzzo
division	Rome
division	Teramo
division	Veneto
division	Castel di Sangro
division	Friuli Venezia Giulia
division	Usti nad Labem
division	Grand Canary Islands
division	Canary Islands
division	La Rioja
division	Lisbon
division	Croatia
division	United Kingdom
division	Northern Ireland
division	England
division	Nottinghamshire
division	Wales
division	Ireland
division	Dublin
division	Tipperary
division	Louth
division	Wicklow
division	Cork
division	Limerick
division	Scotland
division	Småland
division	Vasterbotten
division	Halland
division	Czech Republic
division	Sweden
division	Stockholm
division	Uppsala
division	Dalarna
division	Skane
division	Jamtland
division	Vastra Gotaland
division	Vastmanland
division	Ostergotland
division	Sormland
division	Varmland
division	Gavleborgs lan
division	Orebro lan
division	Norrbotten
division	Greece
division	Finland
division	Denmark
division	Portugal
division	Egypt
division	Nigeria
division	Ghana
division	Senegal
division	Gambia
division	Algeria
division	Lagos
division	Democratic Republic of the Congo
division	Kinshasa
division	Sud Kivu
division	South Africa
division	Eastern Cape
division	KwaZulu-Natal
division	Gauteng
division	Mpumalanga
division	Limpopo
division	Greater Accra
division	West Coast Region
division	Mbour
division	Touba
division	Dakar
division	St-Louis
division	Thies
division	Blida
division	Boufarik
division	Chile
division	Antofagasta
division	Chillan
division	Concepcion
division	Rancagua
division	Valparaiso
division	Temuco
division	Coyhaique
division	Punta Arenas
division	Puerto Montt
division	Ecuador
division	Brazil
division	Santiago
division	Talca
division	Sao Paulo
division	Villavicencio
division	Espirito Santo
division	Bahia
division	Goiais
division	Minas Gerais
division	Rio Grande do Sul
division	Rio de Janeiro
division	Santa Catarina
division	Alagoas
division	Argentina
division	Ciudad Autonoma de Buenos Aires
division	Buenos Aires
division	Rio Negro
division	Distrito Federal
division	Uruguay
division	Colombia
division	Meta
division	Caldas
division	Valle del Cauca
division	Boyaca
division	Cundinamarca
division	Narino
division	Choco
division	Huila
division	Tolima
division	Risaralda
division	Magdalena
division	Cordoba
division	Cesar
division	Norte de santander
division	Amazonas State
division	Antioquia
division	Bogota
division	Quito
division	Guayas
division	Pichincha
division	Peru
division	Lima
division	Montevideo
division	Panama City
division	Panama
division	San Rafael
division	La Union
division	Tibas
division	Orotina
division	Mexico
division	Mexico City
division	Estado de Mexico
division	Chiapas
division	Chihuahua
division	Puebla
division	Queretaro
division	USA
division	Washington DC
division	Maryland
division	Texas
division	Missouri
division	Florida
division	Georgia
division	Louisiana
division	North Carolina
division	South Carolina
division	Virginia
division	Rhode Island
division	Connecticut
division	New York
division	New Jersey
division	Massachusetts
division	New Hampshire
division	Vermont
division	Pennsylvania
division	Ohio
division	Indiana
division	Illinois
division	Wisconsin
division	Michigan
division	Minnesota
division	Iowa
division	Nebraska
division	Kansas
division	Nevada
division	Arizona
division	Utah
division	Wyoming
division	Idaho
division	Montana
division	California
division	Grand Princess
division	Oregon
division	Washington
division	Hawaii
division	Puerto Rico
division	Alaska
division	Canada
division	Nova Scotia
division	New Brunswick
division	Quebec
division	Ontario
division	Manitoba
division	Prince Edward Island
division	Newfoundland and Labrador
division	Saskatchewan
division	British Columbia


country	China
country	Hong Kong
country	Taiwan
country	Philippines
country	Japan
country	South Korea
country	Nepal
country	India
country	Bangladesh
country	Sri Lanka
country	Vietnam
country	Cambodia
country	Thailand
country	Myanmar
country	Malaysia
country	Singapore
country	Brunei
country	Indonesia
country	Guam
country	Australia
country	New Zealand
country	Saudi Arabia
country	Qatar
country	United Arab Emirates
country	Kuwait
country	Iran
country	Israel
country	Jordan
country	Turkey
country	Pakistan
country	Kazakhstan
country	Kyrgyzstan
country	Georgia
country	Russia
country	Serbia
country	Romania
country	Europe
country	Latvia
country	Slovakia
country	Slovenia
country	Poland
country	Belarus
country	Estonia
country	Lithuania
country	Hungary
country	Croatia
country	France
country	Iceland
country	Norway
country	Denmark
country	Netherlands
country	Belgium
country	Luxembourg
country	Germany
country	Austria
country	Switzerland
country	Italy
country	Spain
country	Czech Republic
country	United Kingdom
country	Ireland
country	Finland
country	Sweden
country	Portugal
country	Greece
country	Egypt
country	Nigeria
country	Ghana
country	Senegal
country	Gambia
country	Algeria
country	Democratic Republic of the Congo
country	South Africa
country	Chile
country	Ecuador
country	Peru
country	Brazil
country	Argentina
country	Uruguay
country	Colombia
country	Panama
country	Costa Rica
country	Mexico
country	USA
country	Canada

recency	Older
recency	One month ago
recency	One week ago
recency	3-7 days ago
recency	1-2 days ago
recency	New

region	Oceania
region	Asia
region	Africa
region	Europe
region	North America
region	South America
